
-- -----------------------------------------------------
-- Table `frota`.`estado`
-- -----------------------------------------------------

INSERT INTO `estado` (`id`,  `sigla`, `nome`) VALUES (01, 'AC', 'Acre');
INSERT INTO `estado` (`id`,  `sigla`, `nome`) VALUES (02, 'AL', 'Alagoas');


-- -----------------------------------------------------
-- Table `frota`.`cidade`
-- -----------------------------------------------------

/* ******************************** A c r e ********************************* */

INSERT INTO `cidade` (`id`, `estado`, `nome`) VALUES (0001, 01, 'Acrelandia');
INSERT INTO `cidade` (`id`, `estado`, `nome`) VALUES (0002, 01, 'Assis Brasil');
INSERT INTO `cidade` (`id`, `estado`, `nome`) VALUES (0003, 01, 'Brasileia');
INSERT INTO `cidade` (`id`, `estado`, `nome`) VALUES (0004, 01, 'Bujari');
INSERT INTO `cidade` (`id`, `estado`, `nome`) VALUES (0005, 01, 'Capixaba');
INSERT INTO `cidade` (`id`, `estado`, `nome`) VALUES (0006, 01, 'Cruzeiro do Sul');
INSERT INTO `cidade` (`id`, `estado`, `nome`) VALUES (0007, 01, 'Epitaciolandia');
INSERT INTO `cidade` (`id`, `estado`, `nome`) VALUES (0008, 01, 'Feijo');
INSERT INTO `cidade` (`id`, `estado`, `nome`) VALUES (0009, 01, 'Jordao');
INSERT INTO `cidade` (`id`, `estado`, `nome`) VALUES (0010, 01, 'Mancio Lima');
INSERT INTO `cidade` (`id`, `estado`, `nome`) VALUES (0011, 01, 'Manoel Urbano');
INSERT INTO `cidade` (`id`, `estado`, `nome`) VALUES (0012, 01, 'Marechal Thaumaturgo');
INSERT INTO `cidade` (`id`, `estado`, `nome`) VALUES (0013, 01, 'Placido de Castro');
INSERT INTO `cidade` (`id`, `estado`, `nome`) VALUES (0014, 01, 'Porto Acre');
INSERT INTO `cidade` (`id`, `estado`, `nome`) VALUES (0015, 01, 'Porto Walter');
INSERT INTO `cidade` (`id`, `estado`, `nome`) VALUES (0016, 01, 'Rio Branco');
INSERT INTO `cidade` (`id`, `estado`, `nome`) VALUES (0017, 01, 'Rodrigues Alves');
INSERT INTO `cidade` (`id`, `estado`, `nome`) VALUES (0018, 01, 'Santa Rosa do Purus');
INSERT INTO `cidade` (`id`, `estado`, `nome`) VALUES (0019, 01, 'Sena Madureira');
INSERT INTO `cidade` (`id`, `estado`, `nome`) VALUES (0020, 01, 'Senador Guiomard');
INSERT INTO `cidade` (`id`, `estado`, `nome`) VALUES (0021, 01, 'Tarauaca');
INSERT INTO `cidade` (`id`, `estado`, `nome`) VALUES (0022, 01, 'Xapuri');


/* ***************************** A l a g o a s ****************************** */

INSERT INTO `cidade` (`id`, `estado`, `nome`) VALUES (0023, 02, 'Agua Branca');
INSERT INTO `cidade` (`id`, `estado`, `nome`) VALUES (0024, 02, 'Anadia');
INSERT INTO `cidade` (`id`, `estado`, `nome`) VALUES (0025, 02, 'Arapiraca');
INSERT INTO `cidade` (`id`, `estado`, `nome`) VALUES (0026, 02, 'Atalaia');
INSERT INTO `cidade` (`id`, `estado`, `nome`) VALUES (0027, 02, 'Barra de Santo Antonio');
INSERT INTO `cidade` (`id`, `estado`, `nome`) VALUES (0028, 02, 'Barra de Sao Miguel');
INSERT INTO `cidade` (`id`, `estado`, `nome`) VALUES (0029, 02, 'Batalha');
INSERT INTO `cidade` (`id`, `estado`, `nome`) VALUES (0030, 02, 'Belem');
INSERT INTO `cidade` (`id`, `estado`, `nome`) VALUES (0031, 02, 'Belo Monte');
INSERT INTO `cidade` (`id`, `estado`, `nome`) VALUES (0032, 02, 'Boca da Mata');
INSERT INTO `cidade` (`id`, `estado`, `nome`) VALUES (0033, 02, 'Branquinha');
INSERT INTO `cidade` (`id`, `estado`, `nome`) VALUES (0034, 02, 'Cacimbinhas');
INSERT INTO `cidade` (`id`, `estado`, `nome`) VALUES (0035, 02, 'Cajueiro');
INSERT INTO `cidade` (`id`, `estado`, `nome`) VALUES (0036, 02, 'Campestre');
INSERT INTO `cidade` (`id`, `estado`, `nome`) VALUES (0037, 02, 'Campo Alegre');
INSERT INTO `cidade` (`id`, `estado`, `nome`) VALUES (0038, 02, 'Campo Grande');
INSERT INTO `cidade` (`id`, `estado`, `nome`) VALUES (0039, 02, 'Canapi');
INSERT INTO `cidade` (`id`, `estado`, `nome`) VALUES (0040, 02, 'Capela');
INSERT INTO `cidade` (`id`, `estado`, `nome`) VALUES (0041, 02, 'Carneiros');
INSERT INTO `cidade` (`id`, `estado`, `nome`) VALUES (0042, 02, 'Cha Preta');
INSERT INTO `cidade` (`id`, `estado`, `nome`) VALUES (0043, 02, 'Coite do Noia');
INSERT INTO `cidade` (`id`, `estado`, `nome`) VALUES (0044, 02, 'Colonia Leopoldina');
INSERT INTO `cidade` (`id`, `estado`, `nome`) VALUES (0045, 02, 'Coqueiro Seco');
INSERT INTO `cidade` (`id`, `estado`, `nome`) VALUES (0046, 02, 'Coruripe');
INSERT INTO `cidade` (`id`, `estado`, `nome`) VALUES (0047, 02, 'Craibas');
INSERT INTO `cidade` (`id`, `estado`, `nome`) VALUES (0048, 02, 'Delmiro Gouveia');
INSERT INTO `cidade` (`id`, `estado`, `nome`) VALUES (0049, 02, 'Dois Riachos');
INSERT INTO `cidade` (`id`, `estado`, `nome`) VALUES (0050, 02, 'Estrela de Alagoas');
INSERT INTO `cidade` (`id`, `estado`, `nome`) VALUES (0051, 02, 'Feira Grande');
INSERT INTO `cidade` (`id`, `estado`, `nome`) VALUES (0052, 02, 'Feliz Deserto');
INSERT INTO `cidade` (`id`, `estado`, `nome`) VALUES (0053, 02, 'Flexeiras');
INSERT INTO `cidade` (`id`, `estado`, `nome`) VALUES (0054, 02, 'Girau do Ponciano');
INSERT INTO `cidade` (`id`, `estado`, `nome`) VALUES (0055, 02, 'Ibateguara');
INSERT INTO `cidade` (`id`, `estado`, `nome`) VALUES (0056, 02, 'Igaci');
INSERT INTO `cidade` (`id`, `estado`, `nome`) VALUES (0057, 02, 'Igreja Nova');
INSERT INTO `cidade` (`id`, `estado`, `nome`) VALUES (0058, 02, 'Inhapi');
INSERT INTO `cidade` (`id`, `estado`, `nome`) VALUES (0059, 02, 'Jacare dos Homens');
INSERT INTO `cidade` (`id`, `estado`, `nome`) VALUES (0060, 02, 'Jacuipe');
INSERT INTO `cidade` (`id`, `estado`, `nome`) VALUES (0061, 02, 'Japaratinga');
INSERT INTO `cidade` (`id`, `estado`, `nome`) VALUES (0062, 02, 'Jaramataia');
INSERT INTO `cidade` (`id`, `estado`, `nome`) VALUES (0063, 02, 'Joaquim Gomes');
INSERT INTO `cidade` (`id`, `estado`, `nome`) VALUES (0064, 02, 'Jundia');
INSERT INTO `cidade` (`id`, `estado`, `nome`) VALUES (0065, 02, 'Junqueiro');
INSERT INTO `cidade` (`id`, `estado`, `nome`) VALUES (0066, 02, 'Lagoa da Canoa');
INSERT INTO `cidade` (`id`, `estado`, `nome`) VALUES (0067, 02, 'Limoeiro de Anadia');
INSERT INTO `cidade` (`id`, `estado`, `nome`) VALUES (0068, 02, 'Maceio');
INSERT INTO `cidade` (`id`, `estado`, `nome`) VALUES (0069, 02, 'Major Isidoro');
INSERT INTO `cidade` (`id`, `estado`, `nome`) VALUES (0070, 02, 'Mar Vermelho');
INSERT INTO `cidade` (`id`, `estado`, `nome`) VALUES (0071, 02, 'Maragogi');
INSERT INTO `cidade` (`id`, `estado`, `nome`) VALUES (0072, 02, 'Maravilha');
INSERT INTO `cidade` (`id`, `estado`, `nome`) VALUES (0073, 02, 'Marechal Deodoro');
INSERT INTO `cidade` (`id`, `estado`, `nome`) VALUES (0074, 02, 'Maribondo');
INSERT INTO `cidade` (`id`, `estado`, `nome`) VALUES (0075, 02, 'Mata Grande');
INSERT INTO `cidade` (`id`, `estado`, `nome`) VALUES (0076, 02, 'Matriz de Camaragibe');
INSERT INTO `cidade` (`id`, `estado`, `nome`) VALUES (0077, 02, 'Messias');
INSERT INTO `cidade` (`id`, `estado`, `nome`) VALUES (0078, 02, 'Minador do Negrao');
INSERT INTO `cidade` (`id`, `estado`, `nome`) VALUES (0079, 02, 'Monteiropolis');
INSERT INTO `cidade` (`id`, `estado`, `nome`) VALUES (0080, 02, 'Murici');
INSERT INTO `cidade` (`id`, `estado`, `nome`) VALUES (0081, 02, 'Novo Lino');
INSERT INTO `cidade` (`id`, `estado`, `nome`) VALUES (0082, 02, 'Olho d`agua das Flores');
INSERT INTO `cidade` (`id`, `estado`, `nome`) VALUES (0083, 02, 'Olho d`agua do Casado');
INSERT INTO `cidade` (`id`, `estado`, `nome`) VALUES (0084, 02, 'Olho d`agua Grande');
INSERT INTO `cidade` (`id`, `estado`, `nome`) VALUES (0085, 02, 'Olivenca');
INSERT INTO `cidade` (`id`, `estado`, `nome`) VALUES (0086, 02, 'Ouro Branco');
INSERT INTO `cidade` (`id`, `estado`, `nome`) VALUES (0087, 02, 'Palestina');
INSERT INTO `cidade` (`id`, `estado`, `nome`) VALUES (0088, 02, 'Palmeira dos indios');
INSERT INTO `cidade` (`id`, `estado`, `nome`) VALUES (0089, 02, 'Pao de Acucar');
INSERT INTO `cidade` (`id`, `estado`, `nome`) VALUES (0090, 02, 'Pariconha');
INSERT INTO `cidade` (`id`, `estado`, `nome`) VALUES (0091, 02, 'Paripueira');
INSERT INTO `cidade` (`id`, `estado`, `nome`) VALUES (0092, 02, 'Passo de Camaragibe');
INSERT INTO `cidade` (`id`, `estado`, `nome`) VALUES (0093, 02, 'Paulo Jacinto');
INSERT INTO `cidade` (`id`, `estado`, `nome`) VALUES (0094, 02, 'Penedo');
INSERT INTO `cidade` (`id`, `estado`, `nome`) VALUES (0095, 02, 'Piacabucu');
INSERT INTO `cidade` (`id`, `estado`, `nome`) VALUES (0096, 02, 'Pilar');
INSERT INTO `cidade` (`id`, `estado`, `nome`) VALUES (0097, 02, 'Pindoba');
INSERT INTO `cidade` (`id`, `estado`, `nome`) VALUES (0098, 02, 'Piranhas');
INSERT INTO `cidade` (`id`, `estado`, `nome`) VALUES (0099, 02, 'Poco das Trincheiras');
INSERT INTO `cidade` (`id`, `estado`, `nome`) VALUES (0100, 02, 'Porto Calvo');
INSERT INTO `cidade` (`id`, `estado`, `nome`) VALUES (0101, 02, 'Porto de Pedras');
INSERT INTO `cidade` (`id`, `estado`, `nome`) VALUES (0102, 02, 'Porto Real do Colegio');
INSERT INTO `cidade` (`id`, `estado`, `nome`) VALUES (0103, 02, 'Quebrangulo');
INSERT INTO `cidade` (`id`, `estado`, `nome`) VALUES (0104, 02, 'Rio Largo');
INSERT INTO `cidade` (`id`, `estado`, `nome`) VALUES (0105, 02, 'Roteiro');
INSERT INTO `cidade` (`id`, `estado`, `nome`) VALUES (0106, 02, 'Santa Luzia do Norte');
INSERT INTO `cidade` (`id`, `estado`, `nome`) VALUES (0107, 02, 'Santana do Ipanema');
INSERT INTO `cidade` (`id`, `estado`, `nome`) VALUES (0108, 02, 'Santana do Mundau');
INSERT INTO `cidade` (`id`, `estado`, `nome`) VALUES (0109, 02, 'Sao Bras');
INSERT INTO `cidade` (`id`, `estado`, `nome`) VALUES (0110, 02, 'Sao Jose da Laje');
INSERT INTO `cidade` (`id`, `estado`, `nome`) VALUES (0111, 02, 'Sao Jose da Tapera');
INSERT INTO `cidade` (`id`, `estado`, `nome`) VALUES (0112, 02, 'Sao Luis do Quitunde');
INSERT INTO `cidade` (`id`, `estado`, `nome`) VALUES (0113, 02, 'Sao Miguel dos Campos');
INSERT INTO `cidade` (`id`, `estado`, `nome`) VALUES (0114, 02, 'Sao Miguel dos Milagres');
INSERT INTO `cidade` (`id`, `estado`, `nome`) VALUES (0115, 02, 'Sao Sebastiao');
INSERT INTO `cidade` (`id`, `estado`, `nome`) VALUES (0116, 02, 'Satuba');
INSERT INTO `cidade` (`id`, `estado`, `nome`) VALUES (0117, 02, 'Senador Rui Palmeira');
INSERT INTO `cidade` (`id`, `estado`, `nome`) VALUES (0118, 02, 'Tanque d`Arca');
INSERT INTO `cidade` (`id`, `estado`, `nome`) VALUES (0119, 02, 'Taquarana');
INSERT INTO `cidade` (`id`, `estado`, `nome`) VALUES (0120, 02, 'Teotonio Vilela');
INSERT INTO `cidade` (`id`, `estado`, `nome`) VALUES (0121, 02, 'Traipu');
INSERT INTO `cidade` (`id`, `estado`, `nome`) VALUES (0122, 02, 'Uniao dos Palmares');
INSERT INTO `cidade` (`id`, `estado`, `nome`) VALUES (0123, 02, 'Vicosa');



-- -----------------------------------------------------
-- Table `frota`.`tipo_veiculo`
-- -----------------------------------------------------

INSERT INTO `tipo_veiculo`(`descricao`) VALUES ('CARRO');
INSERT INTO `tipo_veiculo`(`descricao`) VALUES ('ONIBUS');
INSERT INTO `tipo_veiculo`(`descricao`) VALUES ('MICRO-ONIBUS');
INSERT INTO `tipo_veiculo`(`descricao`) VALUES ('CAMINHONETE');
INSERT INTO `tipo_veiculo`(`descricao`) VALUES ('VAN');

-- -----------------------------------------------------
-- Table `frota`.`veiculo`
-- -----------------------------------------------------

INSERT INTO `veiculo`(`placa`,`renavam`,`cor`,`modelo`,`marca`,`ano`,`capacidade_passageiros`,`capacidade_carga`,`tipo_veiculo`) 
	VALUES ('ABU1234',12345671,'Preto','Uno','Fiat',2010,4,200,1);

INSERT INTO `veiculo`(`placa`,`renavam`,`cor`,`modelo`,`marca`,`ano`,`capacidade_passageiros`,`capacidade_carga`,`tipo_veiculo`) 
	VALUES ('PPA1234',12345678,'Branco','Fiesta','Ford',2005,4,300,1);

-- -----------------------------------------------------
-- Table `frota`.`opcional_veiculo`
-- -----------------------------------------------------

INSERT INTO `opcional_veiculo` (`descricao`) VALUES ('DIRECAO HIDRAULICA');
INSERT INTO `opcional_veiculo` (`descricao`) VALUES ('AR CONDICIONADO');
INSERT INTO `opcional_veiculo` (`descricao`) VALUES ('VIDRO ELETRICO');
INSERT INTO `opcional_veiculo` (`descricao`) VALUES ('TRAVA ELETRICA');
INSERT INTO `opcional_veiculo` (`descricao`) VALUES ('AIR BAG');
INSERT INTO `opcional_veiculo` (`descricao`) VALUES ('TOCA-FITAS');
INSERT INTO `opcional_veiculo` (`descricao`) VALUES ('CD PLAYER');
INSERT INTO `opcional_veiculo` (`descricao`) VALUES ('FREIOS ABS');
INSERT INTO `opcional_veiculo` (`descricao`) VALUES ('ALARME');
INSERT INTO `opcional_veiculo` (`descricao`) VALUES ('TRACAO 4X4');
INSERT INTO `opcional_veiculo` (`descricao`) VALUES ('GPS');

-- -----------------------------------------------------
-- Table `frota`.`tipo_usuario`
-- -----------------------------------------------------

INSERT INTO `tipo_usuario` (`descricao`) VALUES ('USUARIO');
INSERT INTO `tipo_usuario` (`descricao`) VALUES ('OPERADOR');
INSERT INTO `tipo_usuario` (`descricao`) VALUES ('AUTORIZADOR');
INSERT INTO `tipo_usuario` (`descricao`) VALUES ('ADMINISTRADOR');
INSERT INTO `tipo_usuario` (`descricao`) VALUES ('MOTORISTA');


-- -----------------------------------------------------
-- Table `frota`.`usuario`
-- -----------------------------------------------------
INSERT INTO `usuario` (`id`, `nome`, `login`, `senha`, `tipo_usuario`, `email`, 
`telefone`, `celular`, `rg`, `siape`, `numero_cnh`, `validade_cnh`, `categoria_cnh`, `rua`,
 `numero`, `complemento`, `cep`, `cidade`) VALUES (NULL, 'admin', 'admin', '12345', '4', 
'admin@admin.com', '5534413443', '5598999778', '635342617', NULL, NULL, NULL, NULL, 'Teste', '12', NULL, '12349870', '12');

INSERT INTO `usuario` (`id`, `nome`, `login`, `senha`, `tipo_usuario`, `email`, 
`telefone`, `celular`, `rg`, `siape`, `numero_cnh`, `validade_cnh`, `categoria_cnh`, `rua`,
 `numero`, `complemento`, `cep`, `cidade`) VALUES (NULL, 'user', 'user', '12345', '1', 
'user@user.com', '5534488443', '5594499778', '634342617', NULL, NULL, NULL, NULL, 'Tiradentes', '120', NULL, '12459870', '34');

INSERT INTO `usuario` (`id`, `nome`, `login`, `senha`, `tipo_usuario`, `email`, 
`telefone`, `celular`, `rg`, `siape`, `numero_cnh`, `validade_cnh`, `categoria_cnh`, `rua`,
 `numero`, `complemento`, `cep`, `cidade`) VALUES (NULL, 'operador', 'operador', '12345', '2', 
'operador@operador.com', '5539888443', '5522499778', '634622617', NULL, NULL, NULL, NULL, 'Dom Pedro II', '2120', NULL, '19049870', '89');

INSERT INTO `usuario` (`id`, `nome`, `login`, `senha`, `tipo_usuario`, `email`, 
`telefone`, `celular`, `rg`, `siape`, `numero_cnh`, `validade_cnh`, `categoria_cnh`, `rua`,
 `numero`, `complemento`, `cep`, `cidade`) VALUES (NULL, 'autorizador', 'autorizador', '12345', '3', 
'autorizador@autorizador.com', '5539888993', '5527899778', '634663617', NULL, NULL, NULL, NULL, 'Cristovam Colombo', '2900', NULL, '19049280', '120');

INSERT INTO `usuario` (`id`, `nome`, `login`, `senha`, `tipo_usuario`, `email`, 
`telefone`, `celular`, `rg`, `siape`, `numero_cnh`, `validade_cnh`, `categoria_cnh`, `rua`,
 `numero`, `complemento`, `cep`, `cidade`) VALUES (NULL, 'motorista', 'motorista', '12345', '5', 
'motorista@motorista.com', '5597888993', '5697899778', '634612617', NULL, NULL, NULL, NULL, 'Jose Bonifacio', '100', NULL, '19067287', '122');

-- -----------------------------------------------------
-- Table `frota`.`veiculo_opcional_veiculo`
-- -----------------------------------------------------

INSERT INTO `veiculo_opcional_veiculo` (`veiculo`,`opcional_veiculo`) VALUES (1,1);
INSERT INTO `veiculo_opcional_veiculo` (`veiculo`,`opcional_veiculo`) VALUES (1,2);
INSERT INTO `veiculo_opcional_veiculo` (`veiculo`,`opcional_veiculo`) VALUES (1,3);
INSERT INTO `veiculo_opcional_veiculo` (`veiculo`,`opcional_veiculo`) VALUES (1,4);
INSERT INTO `veiculo_opcional_veiculo` (`veiculo`,`opcional_veiculo`) VALUES (2,1);
INSERT INTO `veiculo_opcional_veiculo` (`veiculo`,`opcional_veiculo`) VALUES (2,3);
INSERT INTO `veiculo_opcional_veiculo` (`veiculo`,`opcional_veiculo`) VALUES (2,4);

-- -----------------------------------------------------
-- Table `frota`.`situacao`
-- -----------------------------------------------------

INSERT INTO `situacao` (`descricao`) VALUES ('ABERTA');
INSERT INTO `situacao` (`descricao`) VALUES ('AGENDADA');
INSERT INTO `situacao` (`descricao`) VALUES ('AUTORIZADA');
INSERT INTO `situacao` (`descricao`) VALUES ('REJEITADA');
INSERT INTO `situacao` (`descricao`) VALUES ('EM PERCURSO');
INSERT INTO `situacao` (`descricao`) VALUES ('REALIZADA');

-- -----------------------------------------------------
-- Table `frota`.`viagem`
-- -----------------------------------------------------


INSERT INTO `frota`.`viagem` (`id`, `veiculo`, `motorista`, `cidade_origem`, 
`data_saida`, `local_saida`, `cidade_retorno`, `data_retorno`, `local_retorno`, `percurso`, 
`observacoes`, `justificativa_rejeite`, `situacao_viagem`, `data_inicio_real`, `kilometragem_inicio`, 
`data_fim_real`, `kilometragem_fim`, `observacoes_percurso`) VALUES (NULL, '1', '5', '3', '2013-03-06 00:00:00', 
'Unipampa Alegrete', '5', '2013-03-08 00:00:00', 'casa', 'naum sei', NULL, NULL, '4', NULL, NULL, NULL, NULL, NULL);

INSERT INTO `frota`.`viagem` (`id`, `veiculo`, `motorista`, `cidade_origem`, 
`data_saida`, `local_saida`, `cidade_retorno`, `data_retorno`, `local_retorno`, `percurso`, 
`observacoes`, `justificativa_rejeite`, `situacao_viagem`, `data_inicio_real`, `kilometragem_inicio`, 
`data_fim_real`, `kilometragem_fim`, `observacoes_percurso`) VALUES (NULL, '2', '5', '3', '2013-03-06 00:00:00', 
'Unipampa Alegrete', '5', '2013-03-08 00:00:00', 'casa', 'naum sei', NULL, NULL, '2', NULL, NULL, NULL, NULL, NULL);

-- -----------------------------------------------------
-- Table `frota`.`solicitacao_viagem`
-- -----------------------------------------------------

INSERT INTO `solicitacao_viagem` (`solicitante`, `data_saida`, `local_saida`, `data_retorno`, `local_retorno`, `justificativa`,	`observacoes`, `origem`, `destino`, `percurso`, `situacao_solicitacao`, `eh_passageiro`, viagem) 
	VALUES (4, '2013-04-10','Unipampa','2013-04-10','PUC-RS','Participacao no Fisl','alguma coisa',1,2,'trajeto',4,1,1);

INSERT INTO `solicitacao_viagem` (`solicitante`, `data_saida`, `local_saida`, `data_retorno`, `local_retorno`, `justificativa`,	`observacoes`, `origem`, `destino`, `percurso`, `situacao_solicitacao`, `eh_passageiro`, viagem) 
	VALUES (4, '2013-04-11','Unipampa','2013-04-11','PUC-RS','Participacao no Fisl','alguma coisa',1,2,'trajeto',2,1,2);

INSERT INTO `solicitacao_viagem` (`solicitante`, `data_saida`, `local_saida`, `data_retorno`, `local_retorno`, `justificativa`,	`observacoes`, `origem`, `destino`, `percurso`, `situacao_solicitacao`, `eh_passageiro`, viagem) 
	VALUES (4, '2013-04-12','Unipampa','2013-04-12','PUC-RS','Participacao no Fisl','alguma coisa',1,2,'trajeto',2,1,2);

INSERT INTO `solicitacao_viagem` (`solicitante`, `data_saida`, `local_saida`, `data_retorno`, `local_retorno`, `justificativa`,	`observacoes`, `origem`, `destino`, `percurso`, `situacao_solicitacao`, `eh_passageiro`) 
	VALUES (4, '2013-04-13','Unipampa','2013-04-13','PUC-RS','Participacao no Fisl','alguma coisa',1,2,'trajeto',1,1);

INSERT INTO `solicitacao_viagem` (`solicitante`, `data_saida`, `local_saida`, `data_retorno`, `local_retorno`, `justificativa`,	`observacoes`, `origem`, `destino`, `percurso`, `situacao_solicitacao`, `eh_passageiro`) 
	VALUES (4, '2013-04-14','Unipampa','2013-04-14','PUC-RS','Participacao no Fisl','alguma coisa',1,2,'trajeto',1,1);

INSERT INTO `solicitacao_viagem` (`solicitante`, `data_saida`, `local_saida`, `data_retorno`, `local_retorno`, `justificativa`,	`observacoes`, `origem`, `destino`, `percurso`, `situacao_solicitacao`, `eh_passageiro`) 
	VALUES (4, '2013-04-15','Unipampa','2013-04-15','PUC-RS','Participacao no Fisl','alguma coisa',1,2,'trajeto',1,1);

-- -----------------------------------------------------
-- Table `frota`.`passageiro`
-- -----------------------------------------------------

INSERT INTO `passageiro` (`nome`,`rg`,`email`,`endereco`,`eh_servidor`) 
	VALUES ('Teste da Silva Neto','12345678910','teste4@email.com','R. Andradas, 310 - apto. 101 - Acrelandia/AC',1);

INSERT INTO `passageiro` (`nome`,`rg`,`email`,`endereco`,`eh_servidor`) 
	VALUES ('Teste1','12345678912','teste1@email.com','R. Andradas, 300 - apto. 102 - Acrelandia/AC',1);

INSERT INTO `passageiro` (`nome`,`rg`,`email`,`endereco`,`eh_servidor`) 
	VALUES ('Teste2','12345678914','teste2@email.com','R. Andradas, 310 - apto. 103 - Acrelandia/AC',1);

-- -----------------------------------------------------
-- Table `frota`.`solicitacao_viagem_passageiro`
-- -----------------------------------------------------

INSERT INTO `solicitacao_viagem_passageiro` (`solicitacao_viagem`, `passageiro`) VALUES (1,1);
INSERT INTO `solicitacao_viagem_passageiro` (`solicitacao_viagem`, `passageiro`) VALUES (1,2);
INSERT INTO `solicitacao_viagem_passageiro` (`solicitacao_viagem`, `passageiro`) VALUES (1,3);